{"cameraMode":{"drawMode":0,"name":"Shaded","section":"Shading Mode"},"sceneLighting":false,"audioPlay":false,"sceneViewState":{"m_AlwaysRefresh":false,"showFog":true,"showSkybox":false,"showFlares":true,"showImageEffects":true,"showParticleSystems":true,"showVisualEffectGraphs":true,"m_FxEnabled":true},"in2DMode":false,"pivot":{"x":-2.0860347747802736,"y":-1.8676643371582032,"z":8.602766990661621},"rotation":{"x":0.17284296452999116,"y":-0.7820726633071899,"z":0.24780258536338807,"w":0.5452054738998413},"size":12.501423835754395,"orthographic":false}